week,start_date,end_date,open,close,high,low,volume,avg_daily_return,return_std,period_return
2018-01-01/2018-01-07,2018-01-02,2018-01-05,10.0,9.89,10.48,9.655999999999999,1271907.07,-0.005246485844387194,0.010492971688774388,-0.010999999999999899
2018-01-08/2018-01-14,2018-01-08,2018-01-12,9.83,8.88,9.84,8.77,1413821.18,-0.020632360633394287,0.040284133983378975,-0.09664292980671407
2018-01-15/2018-01-21,2018-01-15,2018-01-19,8.8,8.38,8.81,8.31,868846.85,-0.011237773548835883,0.026586882818131728,-0.04772727272727273
2018-01-22/2018-01-28,2018-01-22,2018-01-26,8.34,8.55,8.78,8.09,737711.07,0.004084250136333711,0.012240019393070348,0.02517985611510798
2018-01-29/2018-02-04,2018-01-29,2018-02-02,8.56,7.42,8.64,7.16,685210.67,-0.02750742945031952,0.03286049410580926,-0.133177570093458
2018-02-05/2018-02-11,2018-02-05,2018-02-09,7.29,7.33,7.6,7.03,689323.6000000001,-0.0018852041437463108,0.03685848159596145,0.005486968449931462
2018-02-12/2018-02-18,2018-02-12,2018-02-14,7.39,7.61,7.93,7.39,493384.6,0.013576368194215779,0.055750537256211395,0.02976995940460081
2018-02-19/2018-02-25,2018-02-22,2018-02-23,7.68,7.7,7.8,7.61,177601.87,0.0059574135759082325,0.015733652297281468,0.0026041666666667407
2018-02-26/2018-03-04,2018-02-26,2018-03-02,7.76,7.91,8.23,7.7,796424.89,0.007060747088278252,0.028787813498665302,0.019329896907216648
2018-03-05/2018-03-11,2018-03-05,2018-03-09,7.9,8.18,8.21,7.89,659032.48,0.0068410831459841505,0.016252536904093708,0.03544303797468351
2018-03-12/2018-03-18,2018-03-12,2018-03-16,8.24,7.95,8.38,7.9,723818.43,-0.0056303266075421465,0.01192825667300737,-0.03519417475728159
2018-03-19/2018-03-25,2018-03-19,2018-03-23,7.95,7.26,8.33,7.17,951430.02,-0.017217735689690938,0.0433411358272192,-0.08679245283018877
2018-03-26/2018-04-01,2018-03-26,2018-03-30,7.1,8.07,8.08,7.1,650719.61,0.021546674893262653,0.020577440675462567,0.1366197183098592
2018-04-02/2018-04-08,2018-04-02,2018-04-04,8.17,7.87,8.34,7.86,632281.73,-0.008064446598511132,0.028234723375674176,-0.03671970624234999
2018-04-09/2018-04-15,2018-04-09,2018-04-13,7.85,8.29,8.34,7.73,839968.61,0.010593985689009554,0.018953819596523848,0.056050955414012726
2018-04-16/2018-04-22,2018-04-16,2018-04-20,8.23,8.55,8.68,7.98,1633212.53,0.006602603012946529,0.03217003477788622,0.03888213851761857
2018-04-23/2018-04-29,2018-04-23,2018-04-27,8.61,8.18,8.72,8.1,1316184.01,-0.008636761025952944,0.02080545148635131,-0.0499419279907084
2018-04-30/2018-05-06,2018-05-02,2018-05-04,8.24,7.85,8.32,7.68,466641.32,-0.013520905875519462,0.018230711721155583,-0.047330097087378675
2018-05-07/2018-05-13,2018-05-07,2018-05-11,7.86,7.7,8.11,7.69,545818.06,-0.0036862284157047178,0.02030433130260209,-0.020356234096692183
2018-05-14/2018-05-20,2018-05-14,2018-05-18,7.68,7.67,7.79,7.5,331420.24,-0.0006579798383858027,0.01751788166025151,-0.0013020833333332593
2018-05-21/2018-05-27,2018-05-21,2018-05-25,7.71,7.4,7.84,7.39,444956.19,-0.007038296584119852,0.01603654581783447,-0.04020752269779504
2018-05-28/2018-06-03,2018-05-28,2018-06-01,7.4,6.77,7.5,6.73,384597.7,-0.01732193406269449,0.027680389509500344,-0.08513513513513526
2018-06-04/2018-06-10,2018-06-04,2018-06-08,6.74,6.74,7.0,6.68,291140.13,-0.0007559122914226446,0.01815742121756968,0.0
2018-06-11/2018-06-17,2018-06-11,2018-06-15,6.74,6.2,6.77,6.15,500828.24,-0.01632723769334863,0.024103666785993346,-0.0801186943620178
2018-06-18/2018-06-24,2018-06-19,2018-06-22,6.1,6.24,6.3,5.72,691831.4199999999,0.0019892699739744446,0.032082393469619934,0.022950819672131306
2018-06-25/2018-07-01,2018-06-25,2018-06-29,6.32,6.56,6.61,6.25,520111.35,0.010250922155108899,0.0223319154842506,0.03797468354430378
2018-07-02/2018-07-08,2018-07-02,2018-07-06,6.51,6.23,6.59,6.08,397483.49,-0.009939453404359333,0.028624790289579292,-0.043010752688171894
2018-07-09/2018-07-15,2018-07-09,2018-07-13,6.26,6.42,6.53,6.11,333043.51,0.0062458984240382435,0.023326354941742355,0.025559105431310014
2018-07-16/2018-07-22,2018-07-16,2018-07-20,6.43,6.31,6.52,6.18,281551.66000000003,-0.0033953702210232526,0.011702479159242662,-0.018662519440124425
2018-07-23/2018-07-29,2018-07-23,2018-07-27,6.29,6.45,6.58,6.23,340724.32,0.0044414266584311465,0.01036418564851978,0.025437201907790197
2018-07-30/2018-08-05,2018-07-30,2018-08-03,6.5,6.55,6.59,5.83,700712.99,0.00428522125054096,0.05604182415022353,0.007692307692307665
2018-08-06/2018-08-12,2018-08-06,2018-08-10,6.59,6.71,6.88,6.11,1154650.05,0.0056899734755609275,0.046350596029681904,0.018209408194233667
2018-08-13/2018-08-19,2018-08-13,2018-08-17,6.63,6.26,6.78,6.21,531317.24,-0.013542661293870006,0.024494754222174127,-0.05580693815987936
2018-08-20/2018-08-26,2018-08-20,2018-08-24,6.21,6.26,6.41,6.15,262990.77,0.00011973415432291468,0.017240450256561193,0.008051529790660261
2018-08-27/2018-09-02,2018-08-27,2018-08-31,6.26,6.19,6.52,6.18,261568.42,-0.0020128799635588555,0.024274183997323864,-0.01118210862619795
2018-09-03/2018-09-09,2018-09-03,2018-09-07,6.23,6.17,6.4,6.09,209434.05,-0.0005187955908797948,0.017831953253674527,-0.009630818619582704
2018-09-10/2018-09-16,2018-09-10,2018-09-14,6.16,6.02,6.18,5.95,144490.61599999998,-0.00484314299562485,0.012898239014361258,-0.022727272727272818
2018-09-17/2018-09-23,2018-09-17,2018-09-21,6.62,6.19,6.62,5.95,373455.93,0.005604941988598644,0.007063468252822736,-0.06495468277945615
2018-09-24/2018-09-30,2018-09-25,2018-09-28,6.19,5.99,6.19,5.89,167719.53,-0.008091467345785586,0.015091130327430822,-0.03231017770597744
2018-10-08/2018-10-14,2018-10-08,2018-10-10,5.9,5.8,5.92,5.73,99996.048,-0.010484294812341588,0.024421495252516832,-0.016949152542372947
2018-10-29/2018-11-04,2018-11-01,2018-11-02,5.41,5.79,5.79,5.41,249624.24,-0.0004952311078503246,0.038312425378302754,0.07024029574861368
2018-11-05/2018-11-11,2018-11-05,2018-11-09,5.79,5.87,5.9,5.73,310173.99,0.00279299220347311,0.010599241787749366,0.013816925734024155
2018-11-12/2018-11-18,2018-11-12,2018-11-16,5.83,6.18,6.23,5.82,397741.2,0.010378544920347132,0.009081247638582719,0.06003430531732423
2018-11-19/2018-11-25,2018-11-19,2018-11-23,6.17,6.17,6.27,5.96,349350.06,-0.00026227668566731755,0.012379085922453988,0.0
2018-11-26/2018-12-02,2018-11-26,2018-11-30,6.15,5.94,6.37,5.81,444716.42000000004,-0.0074071049014651225,0.020162999925723384,-0.034146341463414664
2018-12-03/2018-12-09,2018-12-03,2018-12-07,6.07,6.17,6.24,5.96,327360.5,0.007817905257567138,0.021988273644900653,0.016474464579901094
2018-12-10/2018-12-16,2018-12-10,2018-12-14,6.13,6.43,6.96,6.08,1368871.04,0.008746933659569734,0.033615166762930526,0.048939641109298604
2018-12-17/2018-12-23,2018-12-17,2018-12-21,6.4,5.92,6.49,5.87,511791.08,-0.01630613049303231,0.014530937768345424,-0.07500000000000007
2018-12-24/2018-12-30,2018-12-24,2018-12-28,5.9,5.83,6.2,5.57,894070.48,-0.0026051718256724808,0.03331312377401648,-0.011864406779661052
2018-12-31/2019-01-06,2019-01-02,2019-01-04,5.83,5.88,5.97,5.69,330187.02,0.0029752451136098776,0.019312318328761048,0.00857632933104635
2019-01-07/2019-01-13,2019-01-07,2019-01-11,5.89,6.18,6.26,5.87,510475.7,0.010135452127426415,0.018352582900028714,0.04923599320882843
2019-01-14/2019-01-20,2019-01-14,2019-01-18,6.26,5.97,6.26,5.9,335914.33999999997,-0.006761151541497123,0.017948779467093542,-0.04632587859424919
2019-01-21/2019-01-27,2019-01-21,2019-01-25,5.97,6.05,6.08,5.89,245975.32,0.0026942230807493806,0.008413671367423886,0.01340033500837512
2019-01-28/2019-02-03,2019-01-28,2019-02-01,6.02,6.15,6.18,5.8,608400.85,0.0033754738385997963,0.015199090021179746,0.021594684385382257
2019-02-11/2019-02-17,2019-02-11,2019-02-15,6.16,6.19,6.45,6.11,565632.65,0.001387367929755845,0.014994938871626005,0.004870129870129913
2019-02-18/2019-02-24,2019-02-18,2019-02-22,6.23,6.74,6.91,6.22,1007233.39,0.017557201147351886,0.03141147155803118,0.0818619582664526
2019-02-25/2019-03-03,2019-02-25,2019-03-01,6.91,6.61,7.06,6.5,1208828.29,-0.0035352870926862678,0.029754320767202778,-0.04341534008683068
2019-03-04/2019-03-10,2019-03-04,2019-03-08,6.67,7.14,7.54,6.63,1584272.23,0.015642706666918093,0.01574420369630419,0.0704647676161918
2019-03-11/2019-03-17,2019-03-11,2019-03-15,7.28,6.91,7.45,6.76,1192247.51,-0.006052137341353436,0.034322718217355615,-0.050824175824175866
2019-03-18/2019-03-24,2019-03-18,2019-03-22,6.9,6.91,7.04,6.72,670033.52,6.132761281061328e-05,0.01238906163204735,0.0014492753623187582
2019-03-25/2019-03-31,2019-03-25,2019-03-29,6.83,6.95,7.1,6.56,716319.29,0.0015832533151473038,0.03240554881166211,0.017569546120058677
2019-04-01/2019-04-07,2019-04-01,2019-04-04,7.0,7.17,7.67,6.92,794932.6799999999,0.00796553267185346,0.019680104238538103,0.024285714285714244
2019-04-08/2019-04-14,2019-04-08,2019-04-12,7.15,6.76,7.24,6.7,589371.9600000001,-0.011603105596430541,0.016040455175909088,-0.054545454545454675
2019-04-15/2019-04-21,2019-04-15,2019-04-19,6.81,6.83,6.85,6.59,460634.48,0.002126326497084108,0.012648014656294594,0.002936857562408246
2019-04-22/2019-04-28,2019-04-22,2019-04-26,6.85,6.14,6.89,6.12,537777.01,-0.020917738150275735,0.019541241233654548,-0.10364963503649638
2019-04-29/2019-05-05,2019-04-29,2019-04-30,6.16,6.08,6.2,5.95,145844.74,-0.004590866362066237,0.03496656404354699,-0.012987012987012991
2019-05-06/2019-05-12,2019-05-06,2019-05-10,5.99,5.91,5.99,5.58,315744.08,-0.005060832506913337,0.037981514069854505,-0.013355592654424098
2019-05-13/2019-05-19,2019-05-13,2019-05-17,5.84,5.86,6.04,5.79,257709.59,-0.0016302893115773154,0.012989945999544712,0.0034246575342467
2019-05-20/2019-05-26,2019-05-20,2019-05-24,5.93,5.68,6.45,5.62,646689.77,-0.005749542522619322,0.034591924500738995,-0.042158516020236125
2019-05-27/2019-06-02,2019-05-27,2019-05-31,5.74,5.82,6.16,5.64,506632.80000000005,0.00523005443580038,0.02950985364677024,0.013937282229965264
2019-06-03/2019-06-09,2019-06-03,2019-06-06,5.82,5.76,5.87,5.65,224370.82,-0.002567603051110895,0.007246152465162829,-0.010309278350515538
2019-06-10/2019-06-16,2019-06-10,2019-06-14,5.9,5.84,6.03,5.78,329893.02,0.0029283595662978447,0.02035110177238462,-0.01016949152542379
2019-06-17/2019-06-23,2019-06-17,2019-06-21,5.85,6.09,6.24,5.81,364186.42,0.008426203827616652,0.004347206229240155,0.0410256410256411
2019-06-24/2019-06-30,2019-06-24,2019-06-28,6.12,5.83,6.12,5.81,249986.03,-0.008622747128548203,0.012745150480188695,-0.04738562091503273
2019-07-01/2019-07-07,2019-07-01,2019-07-05,5.91,5.82,6.03,5.8,189803.24,-0.00021445054216322478,0.018061450510571602,-0.015228426395939021
2019-07-08/2019-07-14,2019-07-08,2019-07-12,5.82,5.44,5.82,5.41,175420.576,-0.013182458349468962,0.0237114232663605,-0.06529209621993126
2019-07-15/2019-07-21,2019-07-15,2019-07-19,5.42,5.37,5.51,5.22,144044.876,-0.0024887338930446035,0.01559987531195374,-0.009225092250922495
2019-07-22/2019-07-28,2019-07-22,2019-07-26,5.38,5.47,5.63,5.2,211742.91,0.003807668810750364,0.0167367994093617,0.016728624535315983
2019-07-29/2019-08-04,2019-07-29,2019-08-02,5.45,5.27,5.57,5.23,135332.934,-0.007336917935263432,0.014464758320560272,-0.03302752293577993
2019-08-05/2019-08-11,2019-08-05,2019-08-09,5.29,4.78,5.32,4.75,164873.08,-0.019213619147428918,0.016725981391743264,-0.09640831758034019
2019-08-12/2019-08-18,2019-08-12,2019-08-16,4.71,4.88,4.9,4.68,125291.632,0.004209646798164002,0.012264731480401731,0.03609341825902335
2019-08-19/2019-08-25,2019-08-19,2019-08-23,4.9,5.0,5.12,4.86,205619.05,0.0049756409165303325,0.016264928097486846,0.020408163265306145
2019-08-26/2019-09-01,2019-08-26,2019-08-30,4.91,4.88,5.09,4.81,202490.16,-0.004611769730475857,0.024298853389535552,-0.006109979633401319
2019-09-02/2019-09-08,2019-09-02,2019-09-06,4.83,5.16,5.22,4.83,255847.5,0.011305703273553602,0.014735894758242394,0.06832298136645965
2019-09-09/2019-09-15,2019-09-09,2019-09-12,5.18,5.34,5.43,5.16,248070.2,0.00874440146599298,0.01909598245667264,0.030888030888030826
2019-09-16/2019-09-22,2019-09-16,2019-09-20,5.35,5.44,5.66,5.05,644991.98,0.0039768021421559665,0.02573628981932855,0.016822429906542258
2019-09-23/2019-09-29,2019-09-23,2019-09-27,5.44,4.94,5.44,4.9,378658.78,-0.018759732306263266,0.02888866439141427,-0.09191176470588236
2019-09-30/2019-10-06,2019-09-30,2019-09-30,4.96,4.8,4.96,4.8,33225.1,-0.028340080971660075,0.0,-0.032258064516129115
2019-10-07/2019-10-13,2019-10-08,2019-10-11,4.83,4.83,4.87,4.71,122987.97,0.0016018023141259885,0.010707655175358554,0.0
2019-10-14/2019-10-20,2019-10-14,2019-10-18,4.86,4.47,4.92,4.43,224705.63,-0.015255936215802813,0.016945536325924684,-0.08024691358024705
2019-10-21/2019-10-27,2019-10-21,2019-10-25,4.51,4.53,4.61,4.44,186671.27,0.0027499496449445494,0.014198517453222637,0.004434589800443645
2019-10-28/2019-11-03,2019-10-28,2019-11-01,4.52,4.38,4.67,4.32,269454.22000000003,-0.006544842571744059,0.020490239562475768,-0.030973451327433565
2019-11-04/2019-11-10,2019-11-04,2019-11-08,4.38,4.09,4.39,4.03,275777.89,-0.013449145778851456,0.019879186307360307,-0.06621004566210043
2019-11-11/2019-11-17,2019-11-11,2019-11-15,4.024,4.05,4.093999999999999,3.99,209985.79,-0.0019559902200489087,0.004373727095354132,0.006461232604373812
2019-11-18/2019-11-24,2019-11-18,2019-11-22,4.024,4.05,4.1,3.99,187011.06,0.0,0.0,0.006461232604373812
2019-11-25/2019-12-01,2019-11-25,2019-11-29,4.024,4.06,4.13,3.99,234733.75999999998,0.0004938271604938205,0.0011042310999998812,0.00894632206759427
2019-12-02/2019-12-08,2019-12-02,2019-12-06,4.06,4.85,4.85,4.04,1186995.74,0.0376924071802903,0.062155269435186594,0.19458128078817727
2019-12-09/2019-12-15,2019-12-09,2019-12-13,4.99,4.92,5.36,4.6,1862522.69,0.0032793004135469373,0.03197432292239927,-0.014028056112224463
2019-12-16/2019-12-22,2019-12-16,2019-12-20,4.92,5.05,5.57,4.87,1484346.73,0.006062505631144299,0.04595258712494514,0.026422764227642226
2019-12-23/2019-12-29,2019-12-23,2019-12-27,4.98,4.92,5.1,4.74,725666.8200000001,-0.004735939378076481,0.033759842730436154,-0.012048192771084487
2019-12-30/2020-01-05,2019-12-30,2020-01-03,4.85,4.93,5.07,4.63,397426.45,0.0007314485576670471,0.024525814260355557,0.016494845360824684
2020-01-06/2020-01-12,2020-01-06,2020-01-10,4.86,4.96,5.23,4.81,662607.66,0.0012561561977299852,0.010249635788201922,0.020576131687242816
2020-01-13/2020-01-19,2020-01-13,2020-01-17,4.93,4.73,5.03,4.71,363180.45,-0.009353565551551268,0.01556824282313058,-0.04056795131845825
2020-01-20/2020-01-26,2020-01-20,2020-01-23,4.76,4.54,4.87,4.47,287377.8,-0.0095882583168653,0.03978693206566779,-0.04621848739495793
2020-02-03/2020-02-09,2020-02-03,2020-02-07,4.09,4.09,4.13,3.99,453221.778,-0.019810533852502355,0.044705414868597554,0.0
2020-02-10/2020-02-16,2020-02-10,2020-02-14,4.04,4.98,4.98,4.04,1063413.54,0.04077731395535598,0.04014460852146436,0.23267326732673266
2020-02-17/2020-02-23,2020-02-17,2020-02-21,5.48,8.02,8.02,5.25,2023668.8900000001,0.09999074860300139,0.0004373612754375144,0.4635036496350362
2020-02-24/2020-03-01,2020-02-24,2020-02-28,7.51,6.16,9.02,6.16,5805127.827999998,-0.049445817614366463,0.06878360555746511,-0.17976031957390137
2020-03-02/2020-03-08,2020-03-02,2020-03-06,6.24,6.48,7.14,5.98,5014998.0,0.01102931205340849,0.0456526201841153,0.03846153846153855
2020-03-09/2020-03-15,2020-03-09,2020-03-13,6.1,6.87,7.06,5.61,3771442.91,0.014529178772667883,0.08285073235287037,0.1262295081967213
2020-03-16/2020-03-22,2020-03-16,2020-03-20,6.58,5.83,6.69,5.46,3438376.8,-0.029993109354052038,0.0765431290961243,-0.11398176291793316
2020-03-23/2020-03-29,2020-03-23,2020-03-27,5.79,5.54,6.09,5.25,2242734.3200000003,-0.009468143128098317,0.040979894612543186,-0.04317789291882557
2020-03-30/2020-04-05,2020-03-30,2020-04-03,5.38,5.24,5.39,4.92,1795818.42,-0.009684799638212626,0.05801181543564019,-0.026022304832713727
2020-04-06/2020-04-12,2020-04-07,2020-04-10,5.36,5.08,5.57,4.98,1498163.67,-0.006927374174427708,0.04589484245861427,-0.052238805970149294
2020-04-13/2020-04-19,2020-04-13,2020-04-17,5.11,4.93,5.12,4.82,1128479.87,-0.005764705746687371,0.022961722017677797,-0.03522504892367917
2020-04-20/2020-04-26,2020-04-20,2020-04-24,4.94,4.68,5.03,4.61,908933.89,-0.010082326310756295,0.025679540303738937,-0.052631578947368585
2020-04-27/2020-05-03,2020-04-27,2020-04-30,4.68,4.56,4.7,4.15,780684.9099999999,-0.005969719445475086,0.03662859861624834,-0.02564102564102566
2020-05-04/2020-05-10,2020-05-06,2020-05-08,4.54,4.94,4.94,4.46,976196.8800000001,0.02880277482654951,0.07355134265020563,0.08810572687224671
2020-05-11/2020-05-17,2020-05-11,2020-05-15,5.23,5.14,5.43,5.01,2887522.46,0.009108632391464599,0.05442110583700307,-0.017208413001912226
2020-05-18/2020-05-24,2020-05-18,2020-05-22,5.18,4.64,5.5,4.64,2239227.67,-0.01939885638677661,0.04632707186053951,-0.10424710424710426
2020-05-25/2020-05-31,2020-05-25,2020-05-29,4.6,4.67,4.8,4.48,867490.9299999999,0.0015489301787448451,0.02559298790991042,0.01521739130434785
2020-06-01/2020-06-07,2020-06-01,2020-06-05,4.66,4.96,5.19,4.66,1426850.6600000001,0.012308111543381028,0.02175338359653659,0.06437768240343344
2020-06-08/2020-06-14,2020-06-08,2020-06-12,5.02,4.64,5.1,4.52,943620.01,-0.01320446423058923,0.010528092469606237,-0.07569721115537842
2020-06-15/2020-06-21,2020-06-15,2020-06-19,4.63,4.65,4.74,4.53,705569.06,0.0005199780552897382,0.014956170694649338,0.004319654427645814
2020-06-22/2020-06-28,2020-06-22,2020-06-24,4.63,4.55,4.75,4.54,453798.70999999996,-0.0071184405571340275,0.017486877721402123,-0.017278617710583144
2020-06-29/2020-07-05,2020-06-29,2020-07-03,4.53,4.75,4.76,4.43,809522.9,0.008790609561487495,0.019320937951474312,0.04856512141280356
2020-07-06/2020-07-12,2020-07-06,2020-07-10,4.79,5.37,5.62,4.76,2035180.96,0.025015638535551065,0.021266213445848,0.1210855949895615
2020-07-13/2020-07-19,2020-07-13,2020-07-17,5.38,4.78,5.75,4.72,1746704.6400000001,-0.022331653065390023,0.04102722159821613,-0.11152416356877315
2020-07-20/2020-07-26,2020-07-20,2020-07-24,4.8,5.03,5.73,4.78,2068181.5300000003,0.011965681739981093,0.066014058996229,0.04791666666666683
2020-07-27/2020-08-02,2020-07-27,2020-07-31,5.0,6.24,6.39,4.97,3198603.33,0.04477460879212285,0.04313942597353691,0.248
2020-08-03/2020-08-09,2020-08-03,2020-08-07,6.17,5.78,6.75,5.7,2623296.27,-0.014053797664636769,0.05266319047638313,-0.06320907617504046
2020-08-10/2020-08-16,2020-08-10,2020-08-14,5.73,5.98,6.2,5.58,1576092.8199999998,0.007251805097769704,0.03277574206302827,0.04363001745200701
2020-08-17/2020-08-23,2020-08-17,2020-08-21,5.91,5.49,6.25,5.4,1397643.63,-0.016506656892127092,0.03320082140021258,-0.07106598984771573
2020-08-24/2020-08-30,2020-08-24,2020-08-28,5.52,5.76,6.19,5.3,1539235.99,0.010479091323325519,0.045772720874109746,0.04347826086956519
2020-08-31/2020-09-06,2020-08-31,2020-09-04,5.77,8.76,8.76,5.61,3707890.4499999997,0.08969923000617733,0.07857782816339258,0.5181975736568458
2020-09-07/2020-09-13,2020-09-07,2020-09-11,10.047999999999993,8.47,10.497999999999998,7.92,6948869.121999998,-0.00308823691089144,0.09706869264812223,-0.1570461783439484
2020-09-14/2020-09-20,2020-09-14,2020-09-18,8.87,10.101999999999999,10.497999999999998,8.71,8607186.819999997,0.04047399655475801,0.10923839468516953,0.13889515219842163
2020-09-21/2020-09-27,2020-09-21,2020-09-25,9.99,8.57,10.497999999999998,8.4,6285738.9399999995,-0.0314954312733315,0.045576011134190596,-0.14214214214214216
2020-09-28/2020-10-04,2020-09-28,2020-09-30,8.58,8.82,9.12,8.14,2690376.64,0.010148557975989458,0.03945260793685837,0.027972027972027913
2020-10-05/2020-10-11,2020-10-09,2020-10-09,9.14,9.3,9.55,8.83,1256515.12,0.054421768707483054,0.0,0.017505470459518557
2020-10-12/2020-10-18,2020-10-12,2020-10-16,9.08,9.5,10.497999999999998,9.01,6913807.737999998,0.005284467713339814,0.05099325053026556,0.04625550660792954
2020-10-19/2020-10-25,2020-10-19,2020-10-23,9.62,8.85,9.91,8.56,4305194.57,-0.013377499313610253,0.04125533296133676,-0.08004158004158002
2020-10-26/2020-11-01,2020-10-26,2020-10-30,8.79,7.74,9.24,7.74,3294174.1500000004,-0.026190830150825063,0.024962764954187644,-0.11945392491467566
2020-11-02/2020-11-08,2020-11-02,2020-11-06,7.58,8.36,8.89,7.56,4745221.54,0.016685298540460348,0.05527398599936113,0.1029023746701847
2020-11-09/2020-11-15,2020-11-09,2020-11-13,8.5,8.19,9.79,8.08,4879988.7,-0.0026314488738942822,0.06163400903984075,-0.036470588235294144
2020-11-16/2020-11-22,2020-11-16,2020-11-20,8.19,7.87,8.3,7.57,3034833.8,-0.007428867273565354,0.03575086938004521,-0.039072039072039044
2020-11-23/2020-11-29,2020-11-23,2020-11-27,7.88,7.18,8.07,7.09,2698290.63,-0.017798478485226955,0.030692469697857157,-0.08883248730964466
2020-11-30/2020-12-06,2020-11-30,2020-12-04,7.19,7.47,7.97,6.98,2943580.08,0.008202484143784905,0.025274780845307692,0.03894297635605004
2020-12-07/2020-12-13,2020-12-07,2020-12-11,7.56,6.8,7.68,6.56,2043457.32,-0.018359157438397288,0.025159330810469723,-0.10052910052910047
2020-12-14/2020-12-20,2020-12-14,2020-12-18,6.77,6.53,7.18,6.28,2060869.6800000002,-0.007737966028907706,0.028766177754689704,-0.03545051698670598
2020-12-21/2020-12-27,2020-12-21,2020-12-25,6.44,6.08,6.83,6.04,1982801.9100000001,-0.0136017130808193,0.03767472172499128,-0.05590062111801242
2020-12-28/2021-01-03,2020-12-28,2020-12-31,6.01,5.98,6.22,5.78,1506217.32,-0.0040150652580765445,0.017950668908588836,-0.004991680532445808
2021-01-04/2021-01-10,2021-01-04,2021-01-08,6.04,5.54,6.34,5.26,2535378.2,-0.014061140028312802,0.051940305451575915,-0.08278145695364236
2021-01-11/2021-01-17,2021-01-11,2021-01-15,5.59,5.34,5.77,4.96,1747016.34,-0.006983153821425314,0.02910988544017284,-0.04472271914132375
2021-01-18/2021-01-24,2021-01-18,2021-01-22,5.35,5.66,6.08,5.33,2686693.17,0.012414584367935166,0.04242740839155853,0.05794392523364489
2021-01-25/2021-01-31,2021-01-25,2021-01-29,5.6,4.78,5.65,4.68,1870056.06,-0.03288969985164865,0.028827525428471546,-0.14642857142857135
2021-02-01/2021-02-07,2021-02-01,2021-02-05,4.75,4.29,4.84,4.28,1216965.4100000001,-0.021063650302361413,0.028488449936896306,-0.09684210526315784
2021-02-08/2021-02-14,2021-02-08,2021-02-10,4.32,4.25,4.42,4.16,711596.9,-0.00297615602978063,0.020524270980493326,-0.01620370370370372
2021-02-15/2021-02-21,2021-02-18,2021-02-19,4.31,4.86,4.89,4.31,754416.3,0.0694117647058824,0.014974025954538695,0.12761020881670548
2021-02-22/2021-02-28,2021-02-22,2021-02-26,4.88,5.79,6.58,4.81,3780822.95,0.038979766889815484,0.09570819497930158,0.1864754098360657
2021-03-01/2021-03-07,2021-03-01,2021-03-05,5.91,6.38,6.87,5.73,4121944.72,0.019867438470020572,0.026138061922109324,0.07952622673434862
2021-03-08/2021-03-14,2021-03-08,2021-03-12,6.26,6.72,7.39,5.44,4963515.733999999,0.014936415497029199,0.11006609927836673,0.07348242811501593
2021-03-15/2021-03-21,2021-03-15,2021-03-19,6.77,6.62,7.6,6.51,4995054.09,-0.002453887464212956,0.03651093101526977,-0.02215657311669117
2021-03-22/2021-03-28,2021-03-22,2021-03-26,6.63,6.27,7.29,6.03,3612805.6,-0.009909330313012842,0.04679561390606603,-0.05429864253393668
2021-03-29/2021-04-04,2021-03-29,2021-04-02,6.29,6.88,7.05,6.12,3256137.48,0.019471831078812875,0.042786049772340275,0.09379968203497624
2021-04-05/2021-04-11,2021-04-06,2021-04-09,6.91,6.25,7.06,6.24,2392961.5100000002,-0.023302862399871338,0.0331802472368258,-0.09551374819102754
2021-04-12/2021-04-18,2021-04-12,2021-04-16,6.27,6.17,6.38,6.0,1484176.76,-0.002337531104062229,0.024173311820432072,-0.015948963317384268
2021-04-19/2021-04-25,2021-04-19,2021-04-23,6.18,6.06,6.65,6.01,2155084.42,-0.0032013803313972965,0.031024860153395055,-0.01941747572815533
2021-04-26/2021-05-02,2021-04-26,2021-04-30,6.18,6.93,7.27,6.14,4139456.74,0.02770423790923109,0.03649526723509794,0.12135922330097082
2021-05-03/2021-05-09,2021-05-06,2021-05-07,6.87,6.76,7.27,6.63,1498888.15,-0.01145912910618796,0.059060612230503594,-0.01601164483260553
2021-05-10/2021-05-16,2021-05-10,2021-05-14,6.76,7.44,7.88,6.55,4182834.1,0.020113644852690273,0.04481385959823933,0.10059171597633143
2021-05-17/2021-05-23,2021-05-17,2021-05-21,7.8,7.55,8.46,7.06,4057731.74,0.0033921018990309857,0.03380922710677189,-0.03205128205128205
2021-05-24/2021-05-30,2021-05-24,2021-05-28,7.5,8.05,8.4,7.4,4146628.2,0.013482233745944682,0.0382309927419936,0.07333333333333347
2021-05-31/2021-06-06,2021-05-31,2021-06-04,8.11,7.5,8.27,7.23,3232410.82,-0.01350649623632405,0.036679007658830136,-0.07521578298397036
2021-06-07/2021-06-13,2021-06-07,2021-06-11,7.66,8.19,8.88,7.66,4127355.54,0.018523022339896066,0.0443227771338563,0.06919060052219317
2021-06-14/2021-06-20,2021-06-15,2021-06-18,8.5,9.38,9.99,7.94,5618207.353999999,0.035617681233612086,0.05577346866604033,0.10352941176470587
2021-06-21/2021-06-27,2021-06-21,2021-06-25,9.19,8.68,9.55,8.45,4771355.4,-0.01515424480526124,0.024306747717438897,-0.05549510337323171
2021-06-28/2021-07-04,2021-06-28,2021-07-02,8.78,8.85,9.85,8.68,4454653.04,0.005026419557027095,0.05362719845356817,0.007972665148063829
2021-07-05/2021-07-11,2021-07-05,2021-07-09,9.07,9.62,9.89,8.76,4587743.76,0.017137733203659033,0.028104427612052257,0.06063947078280041
2021-07-12/2021-07-18,2021-07-12,2021-07-16,9.62,8.4,9.78,8.22,3393801.89,-0.026149444740725936,0.03827504583211967,-0.12681912681912666
2021-07-19/2021-07-25,2021-07-19,2021-07-23,8.25,10.101999999999999,10.497999999999998,8.12,4947387.67,0.03803838153120513,0.03431399650012644,0.2244848484848483
2021-07-26/2021-08-01,2021-07-26,2021-07-30,10.047999999999993,10.03,10.497999999999998,9.26,6394651.91,-0.0014219887564338673,0.004341772470920121,-0.001791401273884663
2021-08-02/2021-08-08,2021-08-02,2021-08-06,9.8,9.23,10.15,8.75,3887773.34,-0.015397882893654824,0.05129182204238452,-0.05816326530612248
2021-08-09/2021-08-15,2021-08-09,2021-08-13,9.08,9.42,9.87,8.75,3475380.36,0.004562282351191427,0.034865527887764265,0.037444933920704804
2021-08-16/2021-08-22,2021-08-16,2021-08-20,9.34,9.11,9.55,8.46,3141468.73,-0.005940910000717237,0.04241330868112377,-0.024625267665952966
2021-08-23/2021-08-29,2021-08-23,2021-08-27,9.09,8.97,9.94,8.96,3122386.72,-0.0029109999677503938,0.021319635761158435,-0.013201320132013139
2021-08-30/2021-09-05,2021-08-30,2021-09-03,8.97,8.87,9.16,8.29,2123177.49,-0.0019537889426799017,0.026727188558377333,-0.011148272017837413
2021-09-06/2021-09-12,2021-09-06,2021-09-10,8.95,9.01,9.32,8.72,2260615.7300000004,0.0032998547950639835,0.020198301230397016,0.006703910614525244
2021-09-13/2021-09-19,2021-09-13,2021-09-17,8.95,8.19,9.0,7.87,1530890.26,-0.018687982014060765,0.022948793207525665,-0.08491620111731846
2021-09-20/2021-09-26,2021-09-22,2021-09-24,8.09,7.97,8.5,7.93,741055.0,-0.008780917105651468,0.027386191148949253,-0.014833127317676165
2021-09-27/2021-10-03,2021-09-27,2021-09-30,7.88,7.61,8.05,7.48,734790.68,-0.01110454636928071,0.03173433082412102,-0.03426395939086291
2021-10-04/2021-10-10,2021-10-08,2021-10-08,7.68,7.88,7.99,7.67,209261.79,0.035479632063074806,0.0,0.02604166666666674
2021-10-11/2021-10-17,2021-10-11,2021-10-15,7.87,8.15,8.35,7.82,1241820.1800000002,0.006992055096906369,0.024156909314415116,0.03557814485387545
2021-10-18/2021-10-24,2021-10-18,2021-10-22,8.12,7.74,8.22,7.69,926383.65,-0.01023250962616622,0.009653905822412899,-0.046798029556650134
2021-10-25/2021-10-31,2021-10-25,2021-10-29,7.65,7.91,8.2,7.36,1457588.76,0.00530952424605029,0.048868338139050754,0.03398692810457504
2021-11-01/2021-11-07,2021-11-01,2021-11-05,7.84,8.17,8.39,7.81,1655935.47,0.006545083730875456,0.011870096294599826,0.042091836734693855
2021-11-08/2021-11-14,2021-11-08,2021-11-12,8.15,8.81,9.17,7.93,2684325.18,0.01543910725045119,0.02469805912557907,0.08098159509202452
2021-11-15/2021-11-21,2021-11-15,2021-11-19,8.8,8.8,9.14,8.66,2121526.68,-0.00014801438601583783,0.013985419527931697,0.0
2021-11-22/2021-11-28,2021-11-22,2021-11-26,8.83,8.88,9.4,8.7,2422396.63,0.0021901366538711773,0.031136063939112803,0.005662514156285381
2021-11-29/2021-12-05,2021-11-29,2021-12-03,8.73,9.13,9.55,8.71,2024209.75,0.0056791418198608445,0.01668520648270494,0.0458190148911799
2021-12-06/2021-12-12,2021-12-06,2021-12-10,9.05,9.33,10.18,8.2,4396943.003999999,0.007143516505913361,0.08614636625201029,0.030939226519336893
2021-12-13/2021-12-19,2021-12-13,2021-12-17,9.53,8.85,9.56,8.84,3048872.3,-0.010401314536498974,0.01618492571912105,-0.0713536201469045
2021-12-20/2021-12-26,2021-12-20,2021-12-24,8.79,8.57,9.18,8.54,1696655.71,-0.0062077762567893215,0.022356843438066588,-0.025028441410693825
2021-12-27/2022-01-02,2021-12-27,2021-12-31,8.58,8.99,9.15,8.51,1561909.99,0.00974535703544246,0.018117976190953202,0.04778554778554778
2022-01-03/2022-01-09,2022-01-04,2022-01-07,8.99,8.77,9.14,8.67,1200889.71,-0.005999185674558816,0.02149068539961249,-0.024471635150166926
2022-01-10/2022-01-16,2022-01-10,2022-01-14,8.65,8.06,8.68,7.96,1135178.9300000002,-0.016574503793997785,0.020415161017491194,-0.06820809248554915
2022-01-17/2022-01-23,2022-01-17,2022-01-21,8.16,7.8,8.35,7.75,854041.28,-0.00633933464856411,0.02221341886770866,-0.044117647058823595
2022-01-24/2022-01-30,2022-01-24,2022-01-28,7.79,7.39,7.86,7.07,745390.14,-0.010101963773614697,0.03987958664116292,-0.05134788189987172
2022-02-07/2022-02-13,2022-02-07,2022-02-11,7.61,7.76,7.88,7.49,690430.75,0.009898288129937783,0.014111484044486403,0.019710906701708275
2022-02-14/2022-02-20,2022-02-14,2022-02-18,7.86,8.32,8.39,7.77,928178.82,0.0140767633690563,0.010507678122887587,0.058524173027989734
2022-02-21/2022-02-27,2022-02-21,2022-02-25,8.31,8.87,9.15,8.26,2157771.17,0.01300927172922477,0.01775113781661472,0.06738868832731626
2022-02-28/2022-03-06,2022-02-28,2022-03-04,8.88,8.73,9.04,8.62,1192898.88,-0.0031685121112243753,0.0045550094906358215,-0.016891891891891886
2022-03-07/2022-03-13,2022-03-07,2022-03-11,8.73,8.67,9.06,8.18,1951876.87,-0.0012073754473352015,0.020675798073943583,-0.0068728522336770626
2022-03-14/2022-03-20,2022-03-14,2022-03-18,8.99,8.44,9.09,7.5,2063867.33,-0.004235590069268991,0.053189005041963264,-0.06117908787541726
2022-03-21/2022-03-27,2022-03-21,2022-03-25,8.54,8.99,9.43,8.46,2747816.42,0.01360156316434511,0.04783748953169026,0.05269320843091352
2022-03-28/2022-04-03,2022-03-28,2022-04-01,8.99,9.03,9.24,8.56,1622480.1500000001,0.0011014330488411384,0.02303442692961143,0.004449388209121219
2022-04-04/2022-04-10,2022-04-06,2022-04-08,8.92,8.27,9.2,8.1,1028756.48,-0.027770082530346556,0.05626108203822734,-0.07286995515695072
2022-04-11/2022-04-17,2022-04-11,2022-04-15,8.17,7.58,8.25,7.49,943376.27,-0.017054817210064122,0.023196305832807643,-0.07221542227662181
2022-04-18/2022-04-24,2022-04-18,2022-04-22,7.57,7.07,7.78,7.0,754094.61,-0.013664406179823962,0.020461284465866716,-0.06605019815059443
2022-04-25/2022-05-01,2022-04-25,2022-04-29,6.89,6.37,6.89,5.64,1062707.75,-0.019405773429763573,0.055228435363777716,-0.07547169811320753
2022-05-02/2022-05-08,2022-05-05,2022-05-06,6.36,6.25,6.48,6.18,239919.82,-0.009340781794537067,0.022090322227131403,-0.01729559748427678
2022-05-09/2022-05-15,2022-05-09,2022-05-13,6.24,6.71,6.92,6.22,786826.97,0.0144043825064176,0.015815924136857715,0.07532051282051277
2022-05-16/2022-05-22,2022-05-16,2022-05-20,6.71,6.7,6.76,6.44,524725.48,-0.0002706313001623606,0.008291132002906165,-0.0014903129657227732
2022-05-23/2022-05-29,2022-05-23,2022-05-27,6.69,6.5,6.85,6.35,567630.71,-0.005460985820804209,0.03747781511325294,-0.02840059790732441
2022-05-30/2022-06-05,2022-05-30,2022-06-02,6.56,6.91,6.91,6.52,562961.3200000001,0.015460015472611277,0.011707725684145489,0.05335365853658547
2022-06-06/2022-06-12,2022-06-06,2022-06-10,6.98,6.84,7.12,6.66,637867.98,-0.0018594249538813612,0.02090370177255198,-0.02005730659025795
2022-06-13/2022-06-19,2022-06-13,2022-06-17,6.79,6.89,7.17,6.58,726475.14,0.00149311618631085,0.00939958340833753,0.014727540500736325
2022-06-20/2022-06-26,2022-06-20,2022-06-24,6.9,7.49,8.29,6.82,1168158.6800000002,0.017309788807310645,0.034956887407954385,0.08550724637681162
2022-06-27/2022-07-03,2022-06-27,2022-07-01,7.49,7.66,8.01,7.36,1301003.78,0.004712560592478576,0.02334789862704995,0.022696929238985364
2022-07-04/2022-07-10,2022-07-04,2022-07-08,7.5,7.38,7.55,7.2,742719.82,-0.00730425690940828,0.016898690201349844,-0.016000000000000014
2022-07-11/2022-07-17,2022-07-11,2022-07-15,7.38,6.89,7.4,6.89,464048.55000000005,-0.01352044636923464,0.017684326232788594,-0.06639566395663965
2022-07-18/2022-07-24,2022-07-18,2022-07-22,6.95,7.2,7.48,6.94,766120.02,0.008953733617577031,0.01695094310459296,0.03597122302158273
2022-07-25/2022-07-31,2022-07-25,2022-07-29,7.17,7.31,7.52,7.01,940969.9199999999,0.0031531159773301233,0.017072270297876644,0.019525801952580135
2022-08-01/2022-08-07,2022-08-01,2022-08-05,7.38,7.65,7.73,7.01,1055213.65,0.009535429922600813,0.03146026088910011,0.03658536585365857
2022-08-08/2022-08-14,2022-08-08,2022-08-12,7.66,7.66,7.92,7.5,975506.95,0.00036762209787148946,0.016293100367981657,0.0
2022-08-15/2022-08-21,2022-08-15,2022-08-19,7.88,7.79,8.19,7.66,1167561.5,0.0036042161997711154,0.024084369326731806,-0.011421319796954266
2022-08-22/2022-08-28,2022-08-22,2022-08-26,7.72,6.87,7.81,6.83,880568.49,-0.02468145871940719,0.0183719298828327,-0.11010362694300513
2022-08-29/2022-09-04,2022-08-29,2022-09-02,6.84,6.8,6.98,6.51,442901.4,-0.001826031092260938,0.023392402403000626,-0.005847953216374324
2022-09-05/2022-09-11,2022-09-05,2022-09-09,6.73,6.75,6.93,6.63,367787.75,-0.00141960448314562,0.01173943660884038,0.002971768202080227
2022-09-12/2022-09-18,2022-09-13,2022-09-16,6.77,6.22,6.84,6.21,298888.81,-0.020100009428645982,0.01877694646653628,-0.08124076809453473
2022-09-19/2022-09-25,2022-09-19,2022-09-23,6.24,6.0,6.33,5.95,291398.7,-0.007101643081213549,0.013550985886684137,-0.03846153846153855
2022-09-26/2022-10-02,2022-09-26,2022-09-30,5.94,5.69,6.07,5.69,286407.91000000003,-0.010329014227302636,0.02378842213021178,-0.04208754208754206
2022-10-10/2022-10-16,2022-10-10,2022-10-14,5.7,5.96,5.99,5.44,403187.53,0.009617968271761668,0.02744119564134152,0.04561403508771922
2022-10-17/2022-10-23,2022-10-17,2022-10-21,5.92,6.08,6.23,5.9,382919.67000000004,0.004110827467390954,0.017109664078253307,0.027027027027026973
2022-10-24/2022-10-30,2022-10-24,2022-10-28,6.08,5.88,6.32,5.86,393692.26,-0.00631349727546473,0.02953988738703091,-0.03289473684210531
2022-10-31/2022-11-06,2022-10-31,2022-11-04,5.87,6.37,6.43,5.87,506822.67000000004,0.016184525067915612,0.01094608659181149,0.08517887563884163
2022-11-07/2022-11-13,2022-11-07,2022-11-11,6.68,6.96,7.16,6.49,1435084.12,0.01839916635717982,0.03619204021646204,0.041916167664670656
2022-11-14/2022-11-20,2022-11-14,2022-11-18,7.0,7.07,7.23,6.85,753685.25,0.0032461686990521653,0.016265729340505058,0.010000000000000009
2022-11-21/2022-11-27,2022-11-21,2022-11-25,6.98,6.6,7.08,6.58,393672.63,-0.01365989707419719,0.003161154876039941,-0.05444126074498579
2022-11-28/2022-12-04,2022-11-28,2022-12-02,6.56,6.67,6.8,6.52,300508.39999999997,0.0021955085833123,0.014464992192619947,0.0167682926829269
2022-12-05/2022-12-11,2022-12-05,2022-12-09,6.7,6.54,6.82,6.5,284595.47,-0.003852219549275282,0.0138470178414759,-0.023880597014925398
2022-12-12/2022-12-18,2022-12-12,2022-12-16,6.54,6.5,6.75,6.42,393496.71,-0.001110730774038271,0.016975958833194346,-0.006116207951070374
2022-12-19/2022-12-25,2022-12-19,2022-12-23,6.52,6.07,6.55,5.99,264965.74,-0.013417669798169963,0.02092005830092122,-0.0690184049079754
2022-12-26/2023-01-01,2022-12-26,2022-12-30,6.05,6.32,6.41,5.97,304596.87,0.00830910065534105,0.022697985369879454,0.044628099173553704
2023-01-02/2023-01-08,2023-01-03,2023-01-06,6.31,6.42,6.61,6.29,256547.66,0.004072576877740236,0.019492530475496664,0.017432646592709933
2023-01-09/2023-01-15,2023-01-09,2023-01-13,6.41,6.41,6.52,6.29,262514.92000000004,-0.0002552094072982403,0.011903276756201966,0.0
2023-01-16/2023-01-22,2023-01-16,2023-01-20,6.39,7.17,7.17,6.39,652820.73,0.0227850401209146,0.017800668665425623,0.1220657276995305
2023-01-30/2023-02-05,2023-01-30,2023-02-03,7.24,6.97,7.24,6.88,644705.1,-0.0056063507834014596,0.009433860005343995,-0.037292817679558055
2023-02-06/2023-02-12,2023-02-06,2023-02-10,6.96,6.98,7.07,6.86,413254.8,0.00034920256533907954,0.012518099268109501,0.00287356321839094
2023-02-13/2023-02-19,2023-02-13,2023-02-17,7.0,6.83,7.27,6.81,477527.3,-0.00420904131684936,0.01772413034158302,-0.024285714285714244
2023-02-20/2023-02-26,2023-02-20,2023-02-24,6.86,6.97,7.06,6.8,302866.51,0.00408830100176738,0.007414844876740121,0.0160349854227404
2023-02-27/2023-03-05,2023-02-27,2023-03-03,6.95,7.39,7.99,6.8,1975889.8,0.013296250372046426,0.06287240720045653,0.06330935251798553
2023-03-06/2023-03-12,2023-03-06,2023-03-10,7.39,7.26,7.58,7.15,768882.98,-0.0033268968106325405,0.023094194070074254,-0.017591339648173165
2023-03-13/2023-03-19,2023-03-13,2023-03-17,7.2,7.34,7.53,7.12,699305.65,0.0023199059197380077,0.017769368663263188,0.019444444444444375
2023-03-20/2023-03-26,2023-03-20,2023-03-24,7.38,7.4,7.6,7.24,678861.14,0.001675447312227063,0.010686453133883578,0.0027100271002711285
2023-03-27/2023-04-02,2023-03-27,2023-03-31,7.42,7.47,7.49,7.11,606204.06,0.002057367191234416,0.020747472241237696,0.006738544474393482
2023-04-03/2023-04-09,2023-04-03,2023-04-07,7.44,7.72,7.94,7.41,908371.6799999999,0.00831475046804575,0.011662150303293336,0.037634408602150504
2023-04-10/2023-04-16,2023-04-10,2023-04-14,7.69,7.37,7.81,7.16,631376.19,-0.009070235645923597,0.020205923798567636,-0.04161248374512361
2023-04-17/2023-04-23,2023-04-17,2023-04-21,7.33,6.32,7.42,6.26,785668.52,-0.028928541438141896,0.05578280238200852,-0.1377899045020463
2023-04-24/2023-04-30,2023-04-24,2023-04-28,6.3,6.32,6.39,6.11,502364.05,0.00010479827564491284,0.01621813959851184,0.0031746031746031633
2023-05-01/2023-05-07,2023-05-04,2023-05-05,6.32,6.22,6.35,6.21,135511.86,-0.007922676482978619,0.008966676845223367,-0.015822784810126667
2023-05-08/2023-05-14,2023-05-08,2023-05-12,6.26,6.16,6.29,6.08,291777.07999999996,-0.001900680880081307,0.009474187086119567,-0.015974440894568676
2023-05-15/2023-05-21,2023-05-15,2023-05-19,6.2,6.49,6.57,6.13,365611.9,0.010536156966055966,0.010568753775173157,0.04677419354838719
2023-05-22/2023-05-28,2023-05-22,2023-05-26,6.48,6.44,6.54,6.3,307531.57,-0.0015326539072823663,0.005677130388532558,-0.006172839506172867
2023-05-29/2023-06-04,2023-05-29,2023-06-02,6.48,6.74,6.81,6.37,385995.53,0.009154552030671326,0.004105138414196679,0.04012345679012341
2023-06-05/2023-06-11,2023-06-05,2023-06-09,6.68,6.55,6.75,6.43,387462.49,-0.005490765358421079,0.02302130600411538,-0.019461077844311392
2023-06-12/2023-06-18,2023-06-12,2023-06-16,6.51,6.61,6.68,6.41,326481.57999999996,0.0019136693117931315,0.014912750638280544,0.015360983102918668
2023-06-19/2023-06-25,2023-06-19,2023-06-21,6.58,6.55,6.96,6.42,508628.82,-0.0027534400220818136,0.029151634776693847,-0.00455927051671734
2023-06-26/2023-07-02,2023-06-26,2023-06-30,6.54,6.58,6.73,6.23,548160.11,0.000992433224276268,0.013940440461398642,0.006116207951070374
2023-07-03/2023-07-09,2023-07-03,2023-07-07,6.58,6.78,7.37,6.56,1268617.2,0.006414535923182996,0.03193690467028058,0.03039513677811545
2023-07-10/2023-07-16,2023-07-10,2023-07-14,6.79,6.87,6.94,6.65,473486.25,0.0027241831044022336,0.014425138195899924,0.01178203240058906
2023-07-17/2023-07-23,2023-07-17,2023-07-21,6.85,6.95,7.19,6.84,691934.05,0.002400096863749801,0.014306867378850905,0.014598540145985384
2023-07-24/2023-07-30,2023-07-24,2023-07-28,6.93,6.83,7.02,6.73,458430.19,-0.003398170840792103,0.01411128894547963,-0.014430014430014348
2023-07-31/2023-08-06,2023-07-31,2023-08-04,6.86,6.73,6.89,6.69,313490.94,-0.002917427530397676,0.008373779498161819,-0.01895043731778423
2023-08-07/2023-08-13,2023-08-07,2023-08-11,6.73,6.4,6.76,6.39,259098.71,-0.009921977855767561,0.014309104194318358,-0.04903417533432397
2023-08-14/2023-08-20,2023-08-14,2023-08-18,6.37,6.3,6.57,6.25,223062.68,-0.0030298193105792624,0.016964867160397967,-0.010989010989011061
2023-08-21/2023-08-27,2023-08-21,2023-08-25,6.28,6.16,6.43,6.13,270532.27,-0.0044146177209057665,0.013197650749977769,-0.019108280254777066
2023-08-28/2023-09-03,2023-08-28,2023-09-01,6.49,6.52,6.57,6.17,325768.44,0.011482982767928984,0.012234146161243999,0.0046224961479197635
2023-09-04/2023-09-10,2023-09-04,2023-09-08,6.52,6.98,7.01,6.5,567739.98,0.013844863022137988,0.01724632796127073,0.07055214723926384
2023-09-11/2023-09-17,2023-09-11,2023-09-15,6.97,6.81,7.06,6.72,396652.35,-0.0048981055091482425,0.007264926551853688,-0.022955523672883782
2023-09-18/2023-09-24,2023-09-18,2023-09-22,6.77,6.76,6.84,6.57,295769.82,-0.0013903203904043649,0.014389622737367404,-0.001477104874446078
2023-09-25/2023-10-01,2023-09-25,2023-09-28,6.75,6.74,6.79,6.49,240036.2,-0.0004900517730915543,0.026005463566825388,-0.001481481481481417
2023-10-09/2023-10-15,2023-10-09,2023-10-13,6.74,7.22,7.32,6.71,582515.29,0.013884463376392731,0.008796118292694121,0.07121661721068251
2023-10-16/2023-10-22,2023-10-16,2023-10-20,7.18,6.85,7.28,6.85,442063.02,-0.010451446117124985,0.006024621234099769,-0.04596100278551529
2023-10-23/2023-10-29,2023-10-23,2023-10-27,7.04,7.13,7.14,6.79,660704.29,0.00806463176598915,0.007097671375782393,0.012784090909090828
2023-10-30/2023-11-05,2023-10-30,2023-11-03,7.14,8.0,8.48,7.08,3336162.66,0.02444053133665076,0.053524378117049375,0.1204481792717087
2023-11-06/2023-11-12,2023-11-06,2023-11-10,8.18,8.19,8.5,7.83,1841815.3900000001,0.005171487468400815,0.0343824172298128,0.0012224938875304847
2023-11-13/2023-11-19,2023-11-13,2023-11-17,8.18,8.42,9.0,8.07,1875282.6,0.005925067289740915,0.03088604901900317,0.02933985330073363
2023-11-20/2023-11-26,2023-11-20,2023-11-24,8.42,8.01,8.55,7.92,865610.22,-0.009910869519252862,0.007592886727983089,-0.04869358669833734
2023-11-27/2023-12-03,2023-11-27,2023-12-01,8.0,7.92,8.41,7.76,777944.23,-0.002147553835580718,0.01647181322375276,-0.010000000000000009
2023-12-04/2023-12-10,2023-12-04,2023-12-08,7.91,7.53,8.0,7.53,685327.81,-0.010033447397758976,0.00607181999463584,-0.04804045512010113
2023-12-11/2023-12-17,2023-12-11,2023-12-15,7.53,7.3,7.57,7.27,592037.33,-0.006182966659868705,0.002209776254834577,-0.030544488711819473
2023-12-18/2023-12-24,2023-12-18,2023-12-22,7.22,7.07,7.32,7.04,456132.45,-0.0063437002228954546,0.00981281748133917,-0.020775623268697974
2023-12-25/2023-12-31,2023-12-25,2023-12-29,7.07,7.35,7.44,6.9,691877.72,0.008011280086309646,0.02300449207568243,0.03960396039603942
